{
	"format_version": "1.8.0",
	"animations": {
		"idle": {
			"loop": true
		},
		"attack": {
			"animation_length": 0.58333,
			"bones": {
				"rightleg": {
					"rotation": {
						"0.0": [-45, 0, 0],
						"0.2917": [45, 0, 0],
						"0.5833": [-45, 0, 0]
					}
				},
				"leftleg": {
					"rotation": {
						"0.0": [45, 0, 0],
						"0.2917": [-45, 0, 0],
						"0.5833": [45, 0, 0]
					}
				},
				"rightarm": {
					"rotation": {
						"0.0": [0, 0, 0],
						"0.25": [-142.5, 20, 0],
						"0.4167": [-73.85913, -14.97336, 4.6837],
						"0.5833": [0, 0, 0]
					},
					"position": {
						"0.0": [0, 0, 0],
						"0.25": [0.3, 0, 1.7],
						"0.4167": [0.3, 0, -2.3],
						"0.5833": [0, 0, 0]
					}
				},
				"leftarm": {
					"rotation": {
						"0.0": [0, 0, 0],
						"0.25": [0, 22.5, 0],
						"0.4167": [0, -15, 0],
						"0.5833": [0, 0, 0]
					},
					"position": {
						"0.0": [0, 0, 0],
						"0.25": [-0.4, 0, -2],
						"0.4167": [-0.4, 0, 1],
						"0.5833": [0, 0, 0]
					}
				},
				"body": {
					"rotation": {
						"0.0": [0, 0, 0],
						"0.25": [0, 20, 0],
						"0.4167": [0, -12.5, 0],
						"0.5833": [0, 0, 0]
					},
					"position": {
						"0.0": [0, 0, 0],
						"0.5833": [0, 0, 0]
					}
				},
				"head": {
					"rotation": {
						"0.0": [0, 0, 0],
						"0.25": [0, 17.5, 0],
						"0.4167": [0, -7.5, 0],
						"0.5833": [0, 0, 0]
					},
					"position": {
						"0.0": [0, 0, 0],
						"0.25": [0, 0, 0],
						"0.5833": [0, 0, 0]
					}
				}
			}
		},
		"walk": {
			"loop": true,
			"animation_length": 0.70833,
			"bones": {
				"rightleg": {
					"rotation": {
						"0.0": [-45, 0, 0],
						"0.3333": [45, 0, 0],
						"0.7083": [-45, 0, 0]
					}
				},
				"leftleg": {
					"rotation": {
						"0.0": [45, 0, 0],
						"0.3333": [-45, 0, 0],
						"0.7083": [45, 0, 0]
					}
				},
				"rightarm": {
					"rotation": {
						"0.0": [45, 0, 0],
						"0.3333": [-45, 0, 0],
						"0.7083": [45, 0, 0]
					}
				},
				"leftarm": {
					"rotation": {
						"0.0": [-45, 0, 0],
						"0.3333": [45, 0, 0],
						"0.7083": [-45, 0, 0]
					}
				}
			}
		}
	},
	"geckolib_format_version": 2
}